{
  "test_id": "cmip6_CESM2-WACCM",
  "n_raw": 493940,
  "n_positive": 493940,
  "low_confidence": false,
  "first_digit": {
    "observed_counts": {
      "1": 148690,
      "2": 88709,
      "3": 64322,
      "4": 48968,
      "5": 37482,
      "6": 31309,
      "7": 27656,
      "8": 24768,
      "9": 22036
    },
    "observed_proportions": {
      "1": 0.3010284649957485,
      "2": 0.17959468761388023,
      "3": 0.13022229420577397,
      "4": 0.0991375470704944,
      "5": 0.07588371057213426,
      "6": 0.06338624124387578,
      "7": 0.05599060614649552,
      "8": 0.050143742154917605,
      "9": 0.04461270599667976
    },
    "expected_proportions": {
      "1": 0.3010299956639812,
      "2": 0.17609125905568124,
      "3": 0.12493873660829992,
      "4": 0.09691001300805642,
      "5": 0.07918124604762482,
      "6": 0.06694678963061322,
      "7": 0.05799194697768673,
      "8": 0.05115252244738129,
      "9": 0.04575749056067514
    },
    "chi_squared": {
      "chi2_statistic": 389.53976413037475,
      "df": 8,
      "p_value": 0.0
    },
    "mad": {
      "mad": 0.0024476711595802234,
      "label": "close"
    },
    "ks_test": {
      "d_statistic": 0.011012989549878283,
      "p_value": 1.769410276119062e-52
    },
    "delta_b": 0.00866237163921823,
    "per_digit_epsilon": {
      "1": -1.530668232718746e-06,
      "2": 0.00350342855819899,
      "3": 0.005283557597474051,
      "4": 0.0022275340624379747,
      "5": -0.003297535475490554,
      "6": -0.0035605483867374443,
      "7": -0.0020013408311912104,
      "8": -0.001008780292463686,
      "9": -0.001144784563995381
    }
  },
  "verdict": "MARGINAL",
  "first_two_digits": {
    "observed_counts": {
      "10": 20077,
      "11": 18451,
      "12": 17315,
      "13": 15834,
      "14": 14932,
      "15": 13926,
      "16": 13051,
      "17": 12446,
      "18": 11592,
      "19": 11066,
      "20": 10540,
      "21": 10085,
      "22": 9724,
      "23": 9200,
      "24": 8852,
      "25": 8672,
      "26": 8289,
      "27": 8040,
      "28": 7669,
      "29": 7638,
      "30": 7210,
      "31": 7159,
      "32": 6799,
      "33": 6552,
      "34": 6449,
      "35": 6327,
      "36": 6051,
      "37": 6108,
      "38": 5887,
      "39": 5780,
      "40": 5625,
      "41": 5517,
      "42": 5349,
      "43": 5209,
      "44": 4992,
      "45": 4793,
      "46": 4520,
      "47": 4485,
      "48": 4263,
      "49": 4215,
      "50": 4093,
      "51": 3903,
      "52": 3813,
      "53": 3882,
      "54": 3773,
      "55": 3720,
      "56": 3742,
      "57": 3626,
      "58": 3480,
      "59": 3450,
      "60": 3326,
      "61": 3359,
      "62": 3242,
      "63": 3179,
      "64": 3136,
      "65": 3093,
      "66": 3067,
      "67": 2984,
      "68": 2955,
      "69": 2968,
      "70": 2924,
      "71": 2857,
      "72": 2857,
      "73": 2790,
      "74": 2773,
      "75": 2810,
      "76": 2716,
      "77": 2605,
      "78": 2659,
      "79": 2665,
      "80": 2598,
      "81": 2618,
      "82": 2530,
      "83": 2496,
      "84": 2518,
      "85": 2467,
      "86": 2446,
      "87": 2333,
      "88": 2374,
      "89": 2388,
      "90": 2349,
      "91": 2280,
      "92": 2319,
      "93": 2199,
      "94": 2235,
      "95": 2200,
      "96": 2135,
      "97": 2152,
      "98": 2108,
      "99": 2059
    },
    "chi_squared": {
      "chi2_statistic": 528.9430246133564,
      "df": 89,
      "p_value": 0.0
    },
    "mad": {
      "mad": 0.0002922413554660434,
      "label": "close"
    },
    "delta_b": 0.0033237213544437534
  },
  "metadata": {
    "model": "CESM2-WACCM",
    "variable": "burntFractionAll",
    "experiment": "historical"
  }
}