{
  "test_id": "cmip6_CESM2",
  "n_raw": 493951,
  "n_positive": 493951,
  "low_confidence": false,
  "first_digit": {
    "observed_counts": {
      "1": 149318,
      "2": 88485,
      "3": 64322,
      "4": 48692,
      "5": 37766,
      "6": 31324,
      "7": 27439,
      "8": 24449,
      "9": 22156
    },
    "observed_proportions": {
      "1": 0.3022931424372053,
      "2": 0.1791372018682015,
      "3": 0.13021939423141163,
      "4": 0.09857657945828635,
      "5": 0.07645697650171779,
      "6": 0.06341519705395879,
      "7": 0.05555004443760616,
      "8": 0.049496812436861146,
      "9": 0.04485465157475134
    },
    "expected_proportions": {
      "1": 0.3010299956639812,
      "2": 0.17609125905568124,
      "3": 0.12493873660829992,
      "4": 0.09691001300805642,
      "5": 0.07918124604762482,
      "6": 0.06694678963061322,
      "7": 0.05799194697768673,
      "8": 0.05115252244738129,
      "9": 0.04575749056067514
    },
    "chi_squared": {
      "chi2_statistic": 377.42681667951854,
      "df": 8,
      "p_value": 0.0
    },
    "mad": {
      "mad": 0.0025014030353524425,
      "label": "close"
    },
    "ks_test": {
      "d_statistic": 0.01125631365908586,
      "p_value": 8.337795675764558e-55
    },
    "delta_b": 0.008423138882170934,
    "per_digit_epsilon": {
      "1": 0.0012631467732240886,
      "2": 0.003045942812520269,
      "3": 0.005280657623111709,
      "4": 0.001666566450229931,
      "5": -0.0027242695459070293,
      "6": -0.0035315925766544326,
      "7": -0.0024419025400805733,
      "8": -0.001655710010520145,
      "9": -0.000902838985923804
    }
  },
  "verdict": "MARGINAL",
  "first_two_digits": {
    "observed_counts": {
      "10": 20254,
      "11": 18660,
      "12": 17259,
      "13": 15762,
      "14": 14990,
      "15": 13923,
      "16": 13297,
      "17": 12275,
      "18": 11664,
      "19": 11234,
      "20": 10638,
      "21": 10068,
      "22": 9748,
      "23": 9203,
      "24": 8829,
      "25": 8565,
      "26": 8235,
      "27": 7969,
      "28": 7712,
      "29": 7518,
      "30": 7295,
      "31": 7094,
      "32": 6811,
      "33": 6622,
      "34": 6484,
      "35": 6276,
      "36": 6042,
      "37": 5938,
      "38": 5890,
      "39": 5870,
      "40": 5463,
      "41": 5478,
      "42": 5296,
      "43": 5303,
      "44": 5069,
      "45": 4700,
      "46": 4545,
      "47": 4406,
      "48": 4244,
      "49": 4188,
      "50": 4096,
      "51": 4029,
      "52": 3939,
      "53": 3939,
      "54": 3770,
      "55": 3740,
      "56": 3591,
      "57": 3657,
      "58": 3563,
      "59": 3442,
      "60": 3380,
      "61": 3399,
      "62": 3256,
      "63": 3219,
      "64": 3124,
      "65": 3034,
      "66": 2983,
      "67": 3045,
      "68": 2962,
      "69": 2922,
      "70": 2849,
      "71": 2858,
      "72": 2879,
      "73": 2749,
      "74": 2801,
      "75": 2742,
      "76": 2624,
      "77": 2681,
      "78": 2665,
      "79": 2591,
      "80": 2621,
      "81": 2504,
      "82": 2454,
      "83": 2482,
      "84": 2425,
      "85": 2475,
      "86": 2440,
      "87": 2308,
      "88": 2379,
      "89": 2361,
      "90": 2283,
      "91": 2348,
      "92": 2233,
      "93": 2254,
      "94": 2216,
      "95": 2112,
      "96": 2138,
      "97": 2141,
      "98": 2231,
      "99": 2200
    },
    "chi_squared": {
      "chi2_statistic": 527.5108157748425,
      "df": 89,
      "p_value": 0.0
    },
    "mad": {
      "mad": 0.00029300894660168623,
      "label": "close"
    },
    "delta_b": 0.003212462072446878
  },
  "metadata": {
    "model": "CESM2",
    "variable": "burntFractionAll",
    "experiment": "historical"
  }
}