{
  "test_id": "cmip6_CNRM-ESM2-1",
  "n_raw": 500000,
  "n_positive": 500000,
  "low_confidence": false,
  "first_digit": {
    "observed_counts": {
      "1": 157333,
      "2": 133855,
      "3": 51762,
      "4": 37976,
      "5": 29887,
      "6": 27301,
      "7": 23206,
      "8": 19710,
      "9": 18970
    },
    "observed_proportions": {
      "1": 0.314666,
      "2": 0.26771,
      "3": 0.103524,
      "4": 0.075952,
      "5": 0.059774,
      "6": 0.054602,
      "7": 0.046412,
      "8": 0.03942,
      "9": 0.03794
    },
    "expected_proportions": {
      "1": 0.3010299956639812,
      "2": 0.17609125905568124,
      "3": 0.12493873660829992,
      "4": 0.09691001300805642,
      "5": 0.07918124604762482,
      "6": 0.06694678963061322,
      "7": 0.05799194697768673,
      "8": 0.05115252244738129,
      "9": 0.04575749056067514
    },
    "chi_squared": {
      "chi2_statistic": 34930.509397534915,
      "df": 8,
      "p_value": 0.0
    },
    "mad": {
      "mad": 0.02338994339563057,
      "label": "nonconformity"
    },
    "ks_test": {
      "d_statistic": 0.10525474528033757,
      "p_value": 0.0
    },
    "delta_b": 0.10168411382094338,
    "per_digit_epsilon": {
      "1": 0.013636004336018803,
      "2": 0.09161874094431877,
      "3": -0.021414736608299914,
      "4": -0.020958013008056414,
      "5": -0.019407246047624817,
      "6": -0.012344789630613223,
      "7": -0.011579946977686731,
      "8": -0.011732522447381294,
      "9": -0.007817490560675142
    }
  },
  "verdict": "DEVIATES",
  "first_two_digits": {
    "observed_counts": {
      "10": 18576,
      "11": 16461,
      "12": 16589,
      "13": 16124,
      "14": 14358,
      "15": 14436,
      "16": 21744,
      "17": 13464,
      "18": 12589,
      "19": 12992,
      "20": 12720,
      "21": 12435,
      "22": 10614,
      "23": 10891,
      "24": 12001,
      "25": 12994,
      "26": 15584,
      "27": 32768,
      "28": 7566,
      "29": 6282,
      "30": 6347,
      "31": 6128,
      "32": 6066,
      "33": 4973,
      "34": 5038,
      "35": 5039,
      "36": 4690,
      "37": 4550,
      "38": 4516,
      "39": 4415,
      "40": 4203,
      "41": 4156,
      "42": 4259,
      "43": 4113,
      "44": 4145,
      "45": 3601,
      "46": 3426,
      "47": 3434,
      "48": 3398,
      "49": 3241,
      "50": 3120,
      "51": 3064,
      "52": 3020,
      "53": 2826,
      "54": 3420,
      "55": 2852,
      "56": 2893,
      "57": 3116,
      "58": 2799,
      "59": 2777,
      "60": 3485,
      "61": 3173,
      "62": 2724,
      "63": 2581,
      "64": 2838,
      "65": 2256,
      "66": 2802,
      "67": 2686,
      "68": 2579,
      "69": 2177,
      "70": 2317,
      "71": 2224,
      "72": 2726,
      "73": 2231,
      "74": 2347,
      "75": 2122,
      "76": 2387,
      "77": 2341,
      "78": 2108,
      "79": 2403,
      "80": 1949,
      "81": 2380,
      "82": 2542,
      "83": 1952,
      "84": 1851,
      "85": 1743,
      "86": 1777,
      "87": 1869,
      "88": 1742,
      "89": 1905,
      "90": 1815,
      "91": 2021,
      "92": 1911,
      "93": 1756,
      "94": 1789,
      "95": 1793,
      "96": 2007,
      "97": 1837,
      "98": 1898,
      "99": 2143
    },
    "chi_squared": {
      "chi2_statistic": 108361.5982369966,
      "df": 89,
      "p_value": 0.0
    },
    "mad": {
      "mad": 0.002654678763156902,
      "label": "close"
    },
    "delta_b": 0.05849678763351021
  },
  "metadata": {
    "model": "CNRM-ESM2-1",
    "variable": "burntFractionAll",
    "experiment": "historical"
  }
}