{
  "test_id": "co2_by_country",
  "n_raw": 28030,
  "n_positive": 28030,
  "low_confidence": false,
  "first_digit": {
    "observed_counts": {
      "1": 8094,
      "2": 4706,
      "3": 3443,
      "4": 3307,
      "5": 2450,
      "6": 1974,
      "7": 1608,
      "8": 1283,
      "9": 1165
    },
    "observed_proportions": {
      "1": 0.28876204067070993,
      "2": 0.167891544773457,
      "3": 0.12283267927220835,
      "4": 0.11798073492686408,
      "5": 0.08740635033892258,
      "6": 0.07042454513021762,
      "7": 0.05736710667142347,
      "8": 0.04577238672850517,
      "9": 0.04156261148769176
    },
    "expected_proportions": {
      "1": 0.3010299956639812,
      "2": 0.17609125905568124,
      "3": 0.12493873660829992,
      "4": 0.09691001300805642,
      "5": 0.07918124604762482,
      "6": 0.06694678963061322,
      "7": 0.05799194697768673,
      "8": 0.05115252244738129,
      "9": 0.04575749056067514
    },
    "chi_squared": {
      "chi2_statistic": 209.9681004591722,
      "df": 8,
      "p_value": 0.0
    },
    "mad": {
      "mad": 0.007283018157713295,
      "label": "acceptable"
    },
    "ks_test": {
      "d_statistic": 0.022573726611587186,
      "p_value": 7.529992061323831e-13
    },
    "delta_b": 0.028157223830239966,
    "per_digit_epsilon": {
      "1": -0.012267954993271268,
      "2": -0.00819971428222424,
      "3": -0.0021060573360915658,
      "4": 0.021070721918807656,
      "5": 0.00822510429129776,
      "6": 0.0034777554996043986,
      "7": -0.0006248403062632593,
      "8": -0.0053801357188761195,
      "9": -0.004194879072983382
    }
  },
  "verdict": "MARGINAL",
  "first_two_digits": {
    "observed_counts": {
      "10": 1213,
      "11": 1079,
      "12": 897,
      "13": 813,
      "14": 747,
      "15": 792,
      "16": 666,
      "17": 639,
      "18": 665,
      "19": 583,
      "20": 608,
      "21": 547,
      "22": 611,
      "23": 433,
      "24": 428,
      "25": 392,
      "26": 482,
      "27": 387,
      "28": 376,
      "29": 442,
      "30": 448,
      "31": 373,
      "32": 294,
      "33": 383,
      "34": 345,
      "35": 340,
      "36": 318,
      "37": 366,
      "38": 302,
      "39": 274,
      "40": 693,
      "41": 290,
      "42": 302,
      "43": 269,
      "44": 341,
      "45": 289,
      "46": 250,
      "47": 255,
      "48": 364,
      "49": 254,
      "50": 277,
      "51": 288,
      "52": 219,
      "53": 232,
      "54": 206,
      "55": 315,
      "56": 221,
      "57": 215,
      "58": 210,
      "59": 267,
      "60": 244,
      "61": 220,
      "62": 278,
      "63": 168,
      "64": 197,
      "65": 179,
      "66": 231,
      "67": 156,
      "68": 164,
      "69": 137,
      "70": 333,
      "71": 147,
      "72": 137,
      "73": 178,
      "74": 148,
      "75": 138,
      "76": 121,
      "77": 162,
      "78": 121,
      "79": 123,
      "80": 149,
      "81": 160,
      "82": 110,
      "83": 116,
      "84": 158,
      "85": 107,
      "86": 114,
      "87": 139,
      "88": 95,
      "89": 135,
      "90": 107,
      "91": 110,
      "92": 135,
      "93": 121,
      "94": 106,
      "95": 128,
      "96": 111,
      "97": 100,
      "98": 99,
      "99": 148
    },
    "chi_squared": {
      "chi2_statistic": 1144.7979462058786,
      "df": 89,
      "p_value": 0.0
    },
    "mad": {
      "mad": 0.001305022483167671,
      "label": "close"
    },
    "delta_b": 0.02040194550690117
  },
  "timestamp": "2026-02-11T21:56:22.019142"
}