{
  "test_id": "cyclone_track",
  "n_raw": 401189,
  "n_positive": 401189,
  "low_confidence": false,
  "first_digit": {
    "observed_counts": {
      "1": 43137,
      "2": 76520,
      "3": 86023,
      "4": 60103,
      "5": 41870,
      "6": 32075,
      "7": 26964,
      "8": 18846,
      "9": 15651
    },
    "observed_proportions": {
      "1": 0.10752288821478156,
      "2": 0.19073304602070346,
      "3": 0.21442013614530808,
      "4": 0.14981218328518478,
      "5": 0.1043647757042192,
      "6": 0.07994984907362863,
      "7": 0.06721021762810048,
      "8": 0.0469753657253813,
      "9": 0.03901153820269249
    },
    "expected_proportions": {
      "1": 0.3010299956639812,
      "2": 0.17609125905568124,
      "3": 0.12493873660829992,
      "4": 0.09691001300805642,
      "5": 0.07918124604762482,
      "6": 0.06694678963061322,
      "7": 0.05799194697768673,
      "8": 0.05115252244738129,
      "9": 0.04575749056067514
    },
    "chi_squared": {
      "chi2_statistic": 93039.22825472882,
      "df": 8,
      "p_value": 0.0
    },
    "mad": {
      "mad": 0.045428937006484954,
      "label": "nonconformity"
    },
    "ks_test": {
      "d_statistic": 0.19350710744919963,
      "p_value": 0.0
    },
    "delta_b": 0.222297471393943,
    "per_digit_epsilon": {
      "1": -0.19350710744919963,
      "2": 0.014641786965022219,
      "3": 0.08948139953700816,
      "4": 0.05290217027712836,
      "5": 0.025183529656594386,
      "6": 0.013003059443015413,
      "7": 0.009218270650413744,
      "8": -0.004177156721999989,
      "9": -0.00674595235798265
    }
  },
  "verdict": "DEVIATES",
  "first_two_digits": {
    "observed_counts": {
      "10": 12103,
      "11": 8120,
      "12": 5436,
      "13": 3244,
      "14": 1611,
      "15": 10361,
      "16": 220,
      "17": 118,
      "18": 1831,
      "19": 93,
      "20": 21088,
      "21": 68,
      "22": 95,
      "23": 4518,
      "24": 83,
      "25": 42176,
      "26": 240,
      "27": 179,
      "28": 7692,
      "29": 381,
      "30": 40314,
      "31": 93,
      "32": 148,
      "33": 8024,
      "34": 92,
      "35": 29540,
      "36": 64,
      "37": 183,
      "38": 7229,
      "39": 336,
      "40": 22628,
      "41": 63,
      "42": 148,
      "43": 6302,
      "44": 48,
      "45": 25412,
      "46": 49,
      "47": 70,
      "48": 5348,
      "49": 35,
      "50": 18298,
      "51": 212,
      "52": 59,
      "53": 4678,
      "54": 188,
      "55": 14272,
      "56": 46,
      "57": 104,
      "58": 3972,
      "59": 41,
      "60": 13368,
      "61": 28,
      "62": 105,
      "63": 3366,
      "64": 117,
      "65": 11910,
      "66": 32,
      "67": 74,
      "68": 3034,
      "69": 41,
      "70": 11176,
      "71": 20,
      "72": 55,
      "73": 2638,
      "74": 70,
      "75": 10619,
      "76": 29,
      "77": 56,
      "78": 2272,
      "79": 29,
      "80": 8110,
      "81": 25,
      "82": 44,
      "83": 2060,
      "84": 59,
      "85": 6676,
      "86": 19,
      "87": 47,
      "88": 1742,
      "89": 64,
      "90": 8518,
      "91": 25,
      "92": 33,
      "93": 1506,
      "94": 16,
      "95": 4189,
      "96": 22,
      "97": 26,
      "98": 1273,
      "99": 43
    },
    "chi_squared": {
      "chi2_statistic": 1248927.7417613,
      "df": 89,
      "p_value": 0.0
    },
    "mad": {
      "mad": 0.013534650707666586,
      "label": "marginal"
    },
    "delta_b": 0.19636002709947914
  },
  "timestamp": "2026-02-11T22:06:25.345733"
}