{
  "test_id": "earthquake_energy",
  "n_raw": 493848,
  "n_positive": 493848,
  "low_confidence": false,
  "first_digit": {
    "observed_counts": {
      "1": 166519,
      "2": 62788,
      "3": 83386,
      "4": 16761,
      "5": 64587,
      "6": 21958,
      "7": 50561,
      "8": 24818,
      "9": 2470
    },
    "observed_proportions": {
      "1": 0.33718674571933066,
      "2": 0.12714033467787658,
      "3": 0.168849524550064,
      "4": 0.03393959274918598,
      "5": 0.13078315595081888,
      "6": 0.04446307365829162,
      "7": 0.10238170449207043,
      "8": 0.05025432926730492,
      "9": 0.0050015389350569405
    },
    "expected_proportions": {
      "1": 0.3010299956639812,
      "2": 0.17609125905568124,
      "3": 0.12493873660829992,
      "4": 0.09691001300805642,
      "5": 0.07918124604762482,
      "6": 0.06694678963061322,
      "7": 0.05799194697768673,
      "8": 0.05115252244738129,
      "9": 0.04575749056067514
    },
    "chi_squared": {
      "chi2_statistic": 91744.56849631084,
      "df": 8,
      "p_value": 0.0
    },
    "mad": {
      "mad": 0.039124267869931395,
      "label": "nonconformity"
    },
    "ks_test": {
      "d_statistic": 0.041654144805694626,
      "p_value": 0.0
    },
    "delta_b": 0.1280527789738182,
    "per_digit_epsilon": {
      "1": 0.03615675005534946,
      "2": -0.048950924377804655,
      "3": 0.043910787941764076,
      "4": -0.06297042025887044,
      "5": 0.05160190990319406,
      "6": -0.0224837159723216,
      "7": 0.0443897575143837,
      "8": -0.000898193180076369,
      "9": -0.0407559516256182
    }
  },
  "verdict": "DEVIATES",
  "first_two_digits": {
    "observed_counts": {
      "10": 32217,
      "11": 11908,
      "12": 28199,
      "13": 1403,
      "14": 27256,
      "15": 9561,
      "16": 1229,
      "17": 31273,
      "18": 673,
      "19": 22800,
      "20": 570,
      "21": 515,
      "22": 8872,
      "23": 490,
      "24": 458,
      "25": 31878,
      "26": 449,
      "27": 448,
      "28": 18728,
      "29": 380,
      "30": 428,
      "31": 8851,
      "32": 357,
      "33": 374,
      "34": 297,
      "35": 52971,
      "36": 1253,
      "37": 323,
      "38": 1396,
      "39": 17136,
      "40": 1144,
      "41": 299,
      "42": 1300,
      "43": 1083,
      "44": 9126,
      "45": 1257,
      "46": 1018,
      "47": 260,
      "48": 1224,
      "49": 50,
      "50": 45528,
      "51": 1022,
      "52": 210,
      "53": 963,
      "54": 267,
      "55": 890,
      "56": 13731,
      "57": 873,
      "58": 241,
      "59": 862,
      "60": 238,
      "61": 868,
      "62": 209,
      "63": 18325,
      "64": 187,
      "65": 26,
      "66": 1059,
      "67": 36,
      "68": 776,
      "69": 234,
      "70": 35807,
      "71": 175,
      "72": 29,
      "73": 756,
      "74": 204,
      "75": 776,
      "76": 204,
      "77": 27,
      "78": 777,
      "79": 11806,
      "80": 17,
      "81": 750,
      "82": 189,
      "83": 25,
      "84": 720,
      "85": 197,
      "86": 29,
      "87": 689,
      "88": 239,
      "89": 21963,
      "90": 696,
      "91": 171,
      "92": 26,
      "93": 666,
      "94": 142,
      "95": 13,
      "96": 632,
      "97": 105,
      "98": 19,
      "99": 0
    },
    "chi_squared": {
      "chi2_statistic": 1835964.9229121634,
      "df": 89,
      "p_value": 0.0
    },
    "mad": {
      "mad": 0.013199376503824675,
      "label": "marginal"
    },
    "delta_b": 0.19427104792301564
  },
  "timestamp": "2026-02-11T21:56:23.123584"
}