{
  "test_id": "ghg_emissions",
  "n_raw": 350831,
  "n_positive": 350831,
  "low_confidence": false,
  "first_digit": {
    "observed_counts": {
      "1": 107063,
      "2": 62147,
      "3": 43162,
      "4": 33499,
      "5": 26554,
      "6": 22759,
      "7": 20669,
      "8": 19807,
      "9": 15171
    },
    "observed_proportions": {
      "1": 0.3051697255943745,
      "2": 0.17714227077994818,
      "3": 0.12302789662259037,
      "4": 0.09548472056346217,
      "5": 0.0756888644390034,
      "6": 0.06487169035803564,
      "7": 0.058914406081560636,
      "8": 0.05645738261442119,
      "9": 0.04324304294660392
    },
    "expected_proportions": {
      "1": 0.3010299956639812,
      "2": 0.17609125905568124,
      "3": 0.12493873660829992,
      "4": 0.09691001300805642,
      "5": 0.07918124604762482,
      "6": 0.06694678963061322,
      "7": 0.05799194697768673,
      "8": 0.05115252244738129,
      "9": 0.04575749056067514
    },
    "chi_squared": {
      "chi2_statistic": 363.01919720345353,
      "df": 8,
      "p_value": 0.0
    },
    "mad": {
      "mad": 0.0025373468723497846,
      "label": "close"
    },
    "ks_test": {
      "d_statistic": 0.005190741654660214,
      "p_value": 1.2222764853611459e-08
    },
    "delta_b": 0.008703013433869249,
    "per_digit_epsilon": {
      "1": 0.004139729930393299,
      "2": 0.0010510117242669426,
      "3": -0.0019108399857095532,
      "4": -0.001425292444594245,
      "5": -0.00349238160862142,
      "6": -0.0020750992725775824,
      "7": 0.000922459103873903,
      "8": 0.005304860167039897,
      "9": -0.0025144476140712205
    }
  },
  "verdict": "MARGINAL",
  "first_two_digits": {
    "observed_counts": {
      "10": 18229,
      "11": 12836,
      "12": 12121,
      "13": 10814,
      "14": 10146,
      "15": 9649,
      "16": 8800,
      "17": 8346,
      "18": 8237,
      "19": 7885,
      "20": 9614,
      "21": 6987,
      "22": 6499,
      "23": 6044,
      "24": 5997,
      "25": 5850,
      "26": 5545,
      "27": 5463,
      "28": 5209,
      "29": 4939,
      "30": 6088,
      "31": 4533,
      "32": 4391,
      "33": 4252,
      "34": 4199,
      "35": 4119,
      "36": 4081,
      "37": 3939,
      "38": 3874,
      "39": 3686,
      "40": 5110,
      "41": 3452,
      "42": 3363,
      "43": 3230,
      "44": 3133,
      "45": 3155,
      "46": 3176,
      "47": 3134,
      "48": 2957,
      "49": 2789,
      "50": 3945,
      "51": 2768,
      "52": 2719,
      "53": 2609,
      "54": 2573,
      "55": 2464,
      "56": 2477,
      "57": 2303,
      "58": 2381,
      "59": 2315,
      "60": 3281,
      "61": 2337,
      "62": 2242,
      "63": 2226,
      "64": 2112,
      "65": 2170,
      "66": 2186,
      "67": 2091,
      "68": 2152,
      "69": 1962,
      "70": 3601,
      "71": 2033,
      "72": 1600,
      "73": 2092,
      "74": 1854,
      "75": 1958,
      "76": 1920,
      "77": 1810,
      "78": 1854,
      "79": 1947,
      "80": 2920,
      "81": 1804,
      "82": 1780,
      "83": 1764,
      "84": 1870,
      "85": 2108,
      "86": 1785,
      "87": 1679,
      "88": 1343,
      "89": 2754,
      "90": 1612,
      "91": 1672,
      "92": 1535,
      "93": 1575,
      "94": 1427,
      "95": 1567,
      "96": 1427,
      "97": 1460,
      "98": 1471,
      "99": 1425
    },
    "chi_squared": {
      "chi2_statistic": 6066.927391136623,
      "df": 89,
      "p_value": 0.0
    },
    "mad": {
      "mad": 0.000891744813973504,
      "label": "close"
    },
    "delta_b": 0.015847154718367625
  },
  "timestamp": "2026-02-11T22:06:57.427432"
}