{
  "test_id": "ice_core_co2",
  "n_raw": 1240,
  "n_positive": 1240,
  "low_confidence": false,
  "first_digit": {
    "observed_counts": {
      "1": 206,
      "2": 1034,
      "3": 0,
      "4": 0,
      "5": 0,
      "6": 0,
      "7": 0,
      "8": 0,
      "9": 0
    },
    "observed_proportions": {
      "1": 0.16612903225806452,
      "2": 0.8338709677419355,
      "3": 0.0,
      "4": 0.0,
      "5": 0.0,
      "6": 0.0,
      "7": 0.0,
      "8": 0.0,
      "9": 0.0
    },
    "expected_proportions": {
      "1": 0.3010299956639812,
      "2": 0.17609125905568124,
      "3": 0.12493873660829992,
      "4": 0.09691001300805642,
      "5": 0.07918124604762482,
      "6": 0.06694678963061322,
      "7": 0.05799194697768673,
      "8": 0.05115252244738129,
      "9": 0.04575749056067514
    },
    "chi_squared": {
      "chi2_statistic": 3770.1379916962014,
      "df": 8,
      "p_value": 0.0
    },
    "mad": {
      "mad": 0.14617326859694538,
      "label": "nonconformity"
    },
    "ks_test": {
      "d_statistic": 0.5228787452803376,
      "p_value": 5.892787175128405e-297
    },
    "delta_b": 0.7033481288740454,
    "per_digit_epsilon": {
      "1": -0.13490096340591667,
      "2": 0.6577797086862542,
      "3": -0.12493873660829992,
      "4": -0.09691001300805642,
      "5": -0.07918124604762482,
      "6": -0.06694678963061322,
      "7": -0.05799194697768673,
      "8": -0.05115252244738129,
      "9": -0.04575749056067514
    }
  },
  "verdict": "DEVIATES",
  "first_two_digits": {
    "observed_counts": {
      "10": 0,
      "11": 0,
      "12": 0,
      "13": 0,
      "14": 0,
      "15": 0,
      "16": 0,
      "17": 12,
      "18": 80,
      "19": 114,
      "20": 137,
      "21": 111,
      "22": 135,
      "23": 187,
      "24": 132,
      "25": 107,
      "26": 97,
      "27": 101,
      "28": 26,
      "29": 1,
      "30": 0,
      "31": 0,
      "32": 0,
      "33": 0,
      "34": 0,
      "35": 0,
      "36": 0,
      "37": 0,
      "38": 0,
      "39": 0,
      "40": 0,
      "41": 0,
      "42": 0,
      "43": 0,
      "44": 0,
      "45": 0,
      "46": 0,
      "47": 0,
      "48": 0,
      "49": 0,
      "50": 0,
      "51": 0,
      "52": 0,
      "53": 0,
      "54": 0,
      "55": 0,
      "56": 0,
      "57": 0,
      "58": 0,
      "59": 0,
      "60": 0,
      "61": 0,
      "62": 0,
      "63": 0,
      "64": 0,
      "65": 0,
      "66": 0,
      "67": 0,
      "68": 0,
      "69": 0,
      "70": 0,
      "71": 0,
      "72": 0,
      "73": 0,
      "74": 0,
      "75": 0,
      "76": 0,
      "77": 0,
      "78": 0,
      "79": 0,
      "80": 0,
      "81": 0,
      "82": 0,
      "83": 0,
      "84": 0,
      "85": 0,
      "86": 0,
      "87": 0,
      "88": 0,
      "89": 0,
      "90": 0,
      "91": 0,
      "92": 0,
      "93": 0,
      "94": 0,
      "95": 0,
      "96": 0,
      "97": 0,
      "98": 0,
      "99": 0
    },
    "chi_squared": {
      "chi2_statistic": 5302.463442972901,
      "df": 89,
      "p_value": 0.0
    },
    "mad": {
      "mad": 0.01738645858303573,
      "label": "nonconformity"
    },
    "delta_b": 0.27976255147920054
  },
  "timestamp": "2026-02-11T22:09:35.965264"
}