{
  "test_id": "mauna_loa_co2",
  "n_raw": 815,
  "n_positive": 815,
  "low_confidence": false,
  "first_digit": {
    "observed_counts": {
      "1": 0,
      "2": 0,
      "3": 681,
      "4": 134,
      "5": 0,
      "6": 0,
      "7": 0,
      "8": 0,
      "9": 0
    },
    "observed_proportions": {
      "1": 0.0,
      "2": 0.0,
      "3": 0.8355828220858895,
      "4": 0.16441717791411042,
      "5": 0.0,
      "6": 0.0,
      "7": 0.0,
      "8": 0.0,
      "9": 0.0
    },
    "expected_proportions": {
      "1": 0.3010299956639812,
      "2": 0.17609125905568124,
      "3": 0.12493873660829992,
      "4": 0.09691001300805642,
      "5": 0.07918124604762482,
      "6": 0.06694678963061322,
      "7": 0.05799194697768673,
      "8": 0.05115252244738129,
      "9": 0.04575749056067514
    },
    "chi_squared": {
      "chi2_statistic": 3966.831317320354,
      "df": 8,
      "p_value": 0.0
    },
    "mad": {
      "mad": 0.17292250008525414,
      "label": "nonconformity"
    },
    "ks_test": {
      "d_statistic": 0.47712125471966244,
      "p_value": 5.624182131296279e-163
    },
    "delta_b": 0.8062408821934717,
    "per_digit_epsilon": {
      "1": -0.3010299956639812,
      "2": -0.17609125905568124,
      "3": 0.7106440854775896,
      "4": 0.067507164906054,
      "5": -0.07918124604762482,
      "6": -0.06694678963061322,
      "7": -0.05799194697768673,
      "8": -0.05115252244738129,
      "9": -0.04575749056067514
    }
  },
  "verdict": "DEVIATES",
  "first_two_digits": {
    "observed_counts": {
      "10": 0,
      "11": 0,
      "12": 0,
      "13": 0,
      "14": 0,
      "15": 0,
      "16": 0,
      "17": 0,
      "18": 0,
      "19": 0,
      "20": 0,
      "21": 0,
      "22": 0,
      "23": 0,
      "24": 0,
      "25": 0,
      "26": 0,
      "27": 0,
      "28": 0,
      "29": 0,
      "30": 0,
      "31": 79,
      "32": 117,
      "33": 83,
      "34": 76,
      "35": 88,
      "36": 67,
      "37": 58,
      "38": 61,
      "39": 52,
      "40": 48,
      "41": 50,
      "42": 35,
      "43": 1,
      "44": 0,
      "45": 0,
      "46": 0,
      "47": 0,
      "48": 0,
      "49": 0,
      "50": 0,
      "51": 0,
      "52": 0,
      "53": 0,
      "54": 0,
      "55": 0,
      "56": 0,
      "57": 0,
      "58": 0,
      "59": 0,
      "60": 0,
      "61": 0,
      "62": 0,
      "63": 0,
      "64": 0,
      "65": 0,
      "66": 0,
      "67": 0,
      "68": 0,
      "69": 0,
      "70": 0,
      "71": 0,
      "72": 0,
      "73": 0,
      "74": 0,
      "75": 0,
      "76": 0,
      "77": 0,
      "78": 0,
      "79": 0,
      "80": 0,
      "81": 0,
      "82": 0,
      "83": 0,
      "84": 0,
      "85": 0,
      "86": 0,
      "87": 0,
      "88": 0,
      "89": 0,
      "90": 0,
      "91": 0,
      "92": 0,
      "93": 0,
      "94": 0,
      "95": 0,
      "96": 0,
      "97": 0,
      "98": 0,
      "99": 0
    },
    "chi_squared": {
      "chi2_statistic": 5218.445260651155,
      "df": 89,
      "p_value": 0.0
    },
    "mad": {
      "mad": 0.019037027653103458,
      "label": "nonconformity"
    },
    "delta_b": 0.2898064859293533
  },
  "timestamp": "2026-02-11T21:56:23.130108"
}