{
  "test_id": "river_discharge",
  "n_raw": 1770914,
  "n_positive": 1770914,
  "low_confidence": false,
  "first_digit": {
    "observed_counts": {
      "1": 527448,
      "2": 309152,
      "3": 222054,
      "4": 172429,
      "5": 141954,
      "6": 119939,
      "7": 104484,
      "8": 91539,
      "9": 81915
    },
    "observed_proportions": {
      "1": 0.2978394207736796,
      "2": 0.17457200067309875,
      "3": 0.1253894881400226,
      "4": 0.0973672352242966,
      "5": 0.0801586073632034,
      "6": 0.067727173651572,
      "7": 0.0590000417863318,
      "8": 0.05169025712146383,
      "9": 0.0462557752663314
    },
    "expected_proportions": {
      "1": 0.3010299956639812,
      "2": 0.17609125905568124,
      "3": 0.12493873660829992,
      "4": 0.09691001300805642,
      "5": 0.07918124604762482,
      "6": 0.06694678963061322,
      "7": 0.05799194697768673,
      "8": 0.05115252244738129,
      "9": 0.04575749056067514
    },
    "chi_squared": {
      "chi2_statistic": 177.92602711250396,
      "df": 8,
      "p_value": 0.0
    },
    "mad": {
      "mad": 0.0010466296161964668,
      "label": "close"
    },
    "ks_test": {
      "d_statistic": 0.004709833272884101,
      "p_value": 1.4920583499513565e-34
    },
    "delta_b": 0.004002259236258975,
    "per_digit_epsilon": {
      "1": -0.003190574890301612,
      "2": -0.001519258382582489,
      "3": 0.000450751531722679,
      "4": 0.00045722221624018566,
      "5": 0.000977361315578587,
      "6": 0.0007803840209587853,
      "7": 0.0010080948086450686,
      "8": 0.0005377346740825378,
      "9": 0.0004982847056562573
    }
  },
  "verdict": "MARGINAL",
  "first_two_digits": {
    "observed_counts": {
      "10": 76537,
      "11": 66283,
      "12": 61431,
      "13": 56490,
      "14": 52826,
      "15": 48882,
      "16": 45840,
      "17": 41824,
      "18": 39421,
      "19": 37914,
      "20": 40859,
      "21": 34848,
      "22": 32916,
      "23": 32032,
      "24": 30373,
      "25": 29587,
      "26": 27889,
      "27": 27208,
      "28": 27452,
      "29": 25988,
      "30": 29229,
      "31": 24179,
      "32": 23676,
      "33": 22275,
      "34": 21973,
      "35": 21424,
      "36": 20396,
      "37": 19925,
      "38": 19735,
      "39": 19242,
      "40": 22208,
      "41": 17717,
      "42": 17655,
      "43": 17078,
      "44": 16742,
      "45": 16695,
      "46": 16281,
      "47": 16441,
      "48": 15959,
      "49": 15653,
      "50": 18577,
      "51": 14792,
      "52": 14355,
      "53": 13977,
      "54": 14237,
      "55": 13359,
      "56": 13181,
      "57": 13268,
      "58": 13222,
      "59": 12986,
      "60": 15233,
      "61": 12083,
      "62": 12052,
      "63": 12272,
      "64": 11820,
      "65": 11455,
      "66": 11241,
      "67": 11253,
      "68": 12155,
      "69": 10375,
      "70": 13882,
      "71": 10610,
      "72": 10437,
      "73": 10092,
      "74": 10242,
      "75": 10099,
      "76": 9922,
      "77": 9851,
      "78": 9879,
      "79": 9470,
      "80": 11776,
      "81": 9486,
      "82": 8683,
      "83": 9063,
      "84": 8877,
      "85": 8670,
      "86": 8893,
      "87": 8517,
      "88": 8829,
      "89": 8745,
      "90": 10828,
      "91": 8541,
      "92": 7774,
      "93": 8812,
      "94": 7218,
      "95": 7812,
      "96": 8119,
      "97": 7492,
      "98": 7704,
      "99": 7615
    },
    "chi_squared": {
      "chi2_statistic": 6042.735484953902,
      "df": 89,
      "p_value": 0.0
    },
    "mad": {
      "mad": 0.00038604213187383186,
      "label": "close"
    },
    "delta_b": 0.0060121331989198635
  },
  "timestamp": "2026-02-11T21:59:24.802345"
}