{
  "test_id": "sea_ice_extent",
  "n_raw": 31248,
  "n_positive": 31248,
  "low_confidence": false,
  "first_digit": {
    "observed_counts": {
      "1": 19336,
      "2": 917,
      "3": 1377,
      "4": 1498,
      "5": 1509,
      "6": 1667,
      "7": 1752,
      "8": 1540,
      "9": 1652
    },
    "observed_proportions": {
      "1": 0.6187916026625704,
      "2": 0.029345878136200716,
      "3": 0.04406682027649769,
      "4": 0.047939068100358424,
      "5": 0.048291090629800304,
      "6": 0.05334741423451101,
      "7": 0.05606758832565284,
      "8": 0.0492831541218638,
      "9": 0.0528673835125448
    },
    "expected_proportions": {
      "1": 0.3010299956639812,
      "2": 0.17609125905568124,
      "3": 0.12493873660829992,
      "4": 0.09691001300805642,
      "5": 0.07918124604762482,
      "6": 0.06694678963061322,
      "7": 0.05799194697768673,
      "8": 0.05115252244738129,
      "9": 0.04575749056067514
    },
    "chi_squared": {
      "chi2_statistic": 17213.195585801146,
      "df": 8,
      "p_value": 0.0
    },
    "mad": {
      "mad": 0.07219366665565753,
      "label": "nonconformity"
    },
    "ks_test": {
      "d_statistic": 0.3177616069985892,
      "p_value": 0.0
    },
    "delta_b": 0.36420043792492446,
    "per_digit_epsilon": {
      "1": 0.3177616069985892,
      "2": -0.14674538091948053,
      "3": -0.08087191633180223,
      "4": -0.048970944907697996,
      "5": -0.030890155417824514,
      "6": -0.01359937539610221,
      "7": -0.0019243586520338932,
      "8": -0.0018693683255174912,
      "9": 0.007109892951869659
    }
  },
  "verdict": "DEVIATES",
  "first_two_digits": {
    "observed_counts": {
      "10": 1706,
      "11": 1812,
      "12": 2213,
      "13": 2641,
      "14": 3205,
      "15": 2467,
      "16": 1262,
      "17": 1772,
      "18": 1987,
      "19": 271,
      "20": 48,
      "21": 36,
      "22": 49,
      "23": 77,
      "24": 53,
      "25": 87,
      "26": 88,
      "27": 179,
      "28": 147,
      "29": 153,
      "30": 152,
      "31": 136,
      "32": 123,
      "33": 128,
      "34": 136,
      "35": 131,
      "36": 164,
      "37": 134,
      "38": 141,
      "39": 132,
      "40": 113,
      "41": 117,
      "42": 163,
      "43": 143,
      "44": 139,
      "45": 166,
      "46": 169,
      "47": 154,
      "48": 177,
      "49": 157,
      "50": 148,
      "51": 169,
      "52": 155,
      "53": 144,
      "54": 144,
      "55": 142,
      "56": 149,
      "57": 143,
      "58": 157,
      "59": 158,
      "60": 185,
      "61": 182,
      "62": 173,
      "63": 148,
      "64": 169,
      "65": 145,
      "66": 192,
      "67": 155,
      "68": 142,
      "69": 176,
      "70": 179,
      "71": 198,
      "72": 200,
      "73": 181,
      "74": 191,
      "75": 159,
      "76": 158,
      "77": 179,
      "78": 142,
      "79": 165,
      "80": 149,
      "81": 163,
      "82": 138,
      "83": 160,
      "84": 137,
      "85": 146,
      "86": 163,
      "87": 155,
      "88": 158,
      "89": 171,
      "90": 158,
      "91": 181,
      "92": 153,
      "93": 169,
      "94": 158,
      "95": 152,
      "96": 192,
      "97": 165,
      "98": 151,
      "99": 173
    },
    "chi_squared": {
      "chi2_statistic": 23480.690591296137,
      "df": 89,
      "p_value": 0.0
    },
    "mad": {
      "mad": 0.007567096644865321,
      "label": "acceptable"
    },
    "delta_b": 0.13717749541357155
  },
  "timestamp": "2026-02-11T22:09:36.031258"
}