{
  "test_id": "storm_damage",
  "n_raw": 340683,
  "n_positive": 340683,
  "low_confidence": false,
  "first_digit": {
    "observed_counts": {
      "1": 126077,
      "2": 74232,
      "3": 29956,
      "4": 11726,
      "5": 75329,
      "6": 5652,
      "7": 9593,
      "8": 6455,
      "9": 1663
    },
    "observed_proportions": {
      "1": 0.3700712979514681,
      "2": 0.2178917057792728,
      "3": 0.08792924801061397,
      "4": 0.03441909340941579,
      "5": 0.22111170795138002,
      "6": 0.01659020262237916,
      "7": 0.028158141145874612,
      "8": 0.018947232471241596,
      "9": 0.004881370658353953
    },
    "expected_proportions": {
      "1": 0.3010299956639812,
      "2": 0.17609125905568124,
      "3": 0.12493873660829992,
      "4": 0.09691001300805642,
      "5": 0.07918124604762482,
      "6": 0.06694678963061322,
      "7": 0.05799194697768673,
      "8": 0.05115252244738129,
      "9": 0.04575749056067514
    },
    "chi_squared": {
      "chi2_statistic": 150391.3384978337,
      "df": 8,
      "p_value": 0.0
    },
    "mad": {
      "mad": 0.05617160242551859,
      "label": "nonconformity"
    },
    "ks_test": {
      "d_statistic": 0.15327180271850693,
      "p_value": 0.0
    },
    "delta_b": 0.19510748773137226,
    "per_digit_epsilon": {
      "1": 0.0690413022874869,
      "2": 0.04180044672359157,
      "3": -0.03700948859768595,
      "4": -0.06249091959864063,
      "5": 0.1419304619037552,
      "6": -0.05035658700823406,
      "7": -0.02983380583181212,
      "8": -0.032205289976139695,
      "9": -0.04087611990232119
    }
  },
  "verdict": "DEVIATES",
  "first_two_digits": {
    "observed_counts": {
      "10": 97530,
      "11": 944,
      "12": 3863,
      "13": 772,
      "14": 502,
      "15": 20198,
      "16": 574,
      "17": 651,
      "18": 839,
      "19": 204,
      "20": 50520,
      "21": 273,
      "22": 513,
      "23": 225,
      "24": 312,
      "25": 21622,
      "26": 171,
      "27": 278,
      "28": 222,
      "29": 96,
      "30": 25979,
      "31": 114,
      "32": 288,
      "33": 149,
      "34": 117,
      "35": 2870,
      "36": 130,
      "37": 144,
      "38": 99,
      "39": 66,
      "40": 10042,
      "41": 59,
      "42": 122,
      "43": 84,
      "44": 65,
      "45": 1093,
      "46": 62,
      "47": 72,
      "48": 84,
      "49": 43,
      "50": 74350,
      "51": 50,
      "52": 87,
      "53": 51,
      "54": 60,
      "55": 502,
      "56": 59,
      "57": 62,
      "58": 71,
      "59": 37,
      "60": 4848,
      "61": 36,
      "62": 81,
      "63": 57,
      "64": 56,
      "65": 405,
      "66": 59,
      "67": 46,
      "68": 49,
      "69": 15,
      "70": 3371,
      "71": 37,
      "72": 81,
      "73": 15,
      "74": 49,
      "75": 5920,
      "76": 38,
      "77": 39,
      "78": 28,
      "79": 15,
      "80": 5948,
      "81": 37,
      "82": 22,
      "83": 36,
      "84": 29,
      "85": 280,
      "86": 23,
      "87": 30,
      "88": 35,
      "89": 15,
      "90": 1274,
      "91": 20,
      "92": 31,
      "93": 43,
      "94": 27,
      "95": 114,
      "96": 27,
      "97": 31,
      "98": 76,
      "99": 20
    },
    "chi_squared": {
      "chi2_statistic": 2921620.728934776,
      "df": 89,
      "p_value": 0.0
    },
    "mad": {
      "mad": 0.01721239106382492,
      "label": "nonconformity"
    },
    "delta_b": 0.3726834739540118
  },
  "timestamp": "2026-02-11T21:58:33.164650"
}