{
  "test_id": "surface_temp_anomaly",
  "n_raw": 829,
  "n_positive": 829,
  "low_confidence": false,
  "first_digit": {
    "observed_counts": {
      "1": 204,
      "2": 104,
      "3": 93,
      "4": 82,
      "5": 82,
      "6": 83,
      "7": 62,
      "8": 72,
      "9": 47
    },
    "observed_proportions": {
      "1": 0.24607961399276237,
      "2": 0.12545235223160434,
      "3": 0.11218335343787696,
      "4": 0.09891435464414958,
      "5": 0.09891435464414958,
      "6": 0.10012062726176116,
      "7": 0.07478890229191798,
      "8": 0.08685162846803378,
      "9": 0.05669481302774427
    },
    "expected_proportions": {
      "1": 0.3010299956639812,
      "2": 0.17609125905568124,
      "3": 0.12493873660829992,
      "4": 0.09691001300805642,
      "5": 0.07918124604762482,
      "6": 0.06694678963061322,
      "7": 0.05799194697768673,
      "8": 0.05115252244738129,
      "9": 0.04575749056067514
    },
    "chi_squared": {
      "chi2_statistic": 66.06024974127533,
      "df": 8,
      "p_value": 2.977040836071865e-11
    },
    "mad": {
      "mad": 0.02629881592571527,
      "label": "nonconformity"
    },
    "ks_test": {
      "d_statistic": 0.11834467166571877,
      "p_value": 1.346880618965579e-10
    },
    "delta_b": 0.09442800694009898,
    "per_digit_epsilon": {
      "1": -0.05495038167121882,
      "2": -0.0506389068240769,
      "3": -0.012755383170422963,
      "4": 0.002004341636093157,
      "5": 0.01973310859652476,
      "6": 0.03317383763114794,
      "7": 0.016796955314231247,
      "8": 0.03569910602065249,
      "9": 0.010937322467069126
    }
  },
  "verdict": "DEVIATES",
  "first_two_digits": {
    "observed_counts": {
      "10": 47,
      "11": 24,
      "12": 31,
      "13": 21,
      "14": 16,
      "15": 14,
      "16": 11,
      "17": 13,
      "18": 15,
      "19": 12,
      "20": 29,
      "21": 6,
      "22": 10,
      "23": 8,
      "24": 6,
      "25": 7,
      "26": 12,
      "27": 5,
      "28": 8,
      "29": 13,
      "30": 29,
      "31": 5,
      "32": 8,
      "33": 8,
      "34": 7,
      "35": 10,
      "36": 5,
      "37": 10,
      "38": 3,
      "39": 8,
      "40": 20,
      "41": 6,
      "42": 9,
      "43": 8,
      "44": 8,
      "45": 7,
      "46": 8,
      "47": 4,
      "48": 10,
      "49": 2,
      "50": 30,
      "51": 3,
      "52": 5,
      "53": 11,
      "54": 5,
      "55": 6,
      "56": 6,
      "57": 3,
      "58": 6,
      "59": 7,
      "60": 30,
      "61": 9,
      "62": 3,
      "63": 7,
      "64": 7,
      "65": 8,
      "66": 6,
      "67": 8,
      "68": 5,
      "69": 0,
      "70": 14,
      "71": 6,
      "72": 6,
      "73": 5,
      "74": 6,
      "75": 7,
      "76": 3,
      "77": 6,
      "78": 5,
      "79": 4,
      "80": 30,
      "81": 6,
      "82": 3,
      "83": 1,
      "84": 7,
      "85": 4,
      "86": 3,
      "87": 5,
      "88": 7,
      "89": 6,
      "90": 17,
      "91": 6,
      "92": 3,
      "93": 10,
      "94": 0,
      "95": 2,
      "96": 3,
      "97": 3,
      "98": 0,
      "99": 3
    },
    "chi_squared": {
      "chi2_statistic": 546.4110850319587,
      "df": 89,
      "p_value": 0.0
    },
    "mad": {
      "mad": 0.005253683254912434,
      "label": "close"
    },
    "delta_b": 0.076827591944111
  },
  "timestamp": "2026-02-11T21:56:23.132515"
}