{
  "test_id": "wildfire_acreage",
  "n_raw": 116310,
  "n_positive": 116310,
  "low_confidence": false,
  "first_digit": {
    "observed_counts": {
      "1": 36901,
      "2": 20258,
      "3": 13598,
      "4": 11089,
      "5": 8718,
      "6": 6911,
      "7": 6323,
      "8": 5219,
      "9": 7293
    },
    "observed_proportions": {
      "1": 0.31726420772074626,
      "2": 0.1741724701229473,
      "3": 0.11691170148740435,
      "4": 0.09534003954947984,
      "5": 0.07495486200670622,
      "6": 0.05941879460063623,
      "7": 0.05436333935173244,
      "8": 0.04487146419052532,
      "9": 0.06270312096982203
    },
    "expected_proportions": {
      "1": 0.3010299956639812,
      "2": 0.17609125905568124,
      "3": 0.12493873660829992,
      "4": 0.09691001300805642,
      "5": 0.07918124604762482,
      "6": 0.06694678963061322,
      "7": 0.05799194697768673,
      "8": 0.05115252244738129,
      "9": 0.04575749056067514
    },
    "chi_squared": {
      "chi2_statistic": 1137.9210180850046,
      "df": 8,
      "p_value": 0.0
    },
    "mad": {
      "mad": 0.007373298325758212,
      "label": "acceptable"
    },
    "ks_test": {
      "d_statistic": 0.016945630409146983,
      "p_value": 1.864734587134161e-29
    },
    "delta_b": 0.027357547567177325,
    "per_digit_epsilon": {
      "1": 0.016234212056765063,
      "2": -0.0019187889327339502,
      "3": -0.008027035120895573,
      "4": -0.0015699734585765818,
      "5": -0.0042263840409186015,
      "6": -0.007527995029976989,
      "7": -0.0036286076259542943,
      "8": -0.006281058256855973,
      "9": 0.016945630409146886
    }
  },
  "verdict": "MARGINAL",
  "first_two_digits": {
    "observed_counts": {
      "10": 6870,
      "11": 4375,
      "12": 3890,
      "13": 3540,
      "14": 3585,
      "15": 3290,
      "16": 2964,
      "17": 2814,
      "18": 2647,
      "19": 2926,
      "20": 3041,
      "21": 2231,
      "22": 2102,
      "23": 1890,
      "24": 2096,
      "25": 1887,
      "26": 1748,
      "27": 1603,
      "28": 1635,
      "29": 2025,
      "30": 1999,
      "31": 1435,
      "32": 1415,
      "33": 1379,
      "34": 1318,
      "35": 1251,
      "36": 1170,
      "37": 1166,
      "38": 1144,
      "39": 1321,
      "40": 1377,
      "41": 1052,
      "42": 1112,
      "43": 1040,
      "44": 984,
      "45": 963,
      "46": 932,
      "47": 927,
      "48": 1001,
      "49": 1701,
      "50": 1340,
      "51": 952,
      "52": 907,
      "53": 828,
      "54": 838,
      "55": 810,
      "56": 713,
      "57": 727,
      "58": 714,
      "59": 889,
      "60": 940,
      "61": 694,
      "62": 695,
      "63": 655,
      "64": 689,
      "65": 650,
      "66": 631,
      "67": 590,
      "68": 633,
      "69": 734,
      "70": 787,
      "71": 638,
      "72": 556,
      "73": 607,
      "74": 612,
      "75": 605,
      "76": 538,
      "77": 543,
      "78": 551,
      "79": 886,
      "80": 789,
      "81": 524,
      "82": 498,
      "83": 495,
      "84": 468,
      "85": 489,
      "86": 479,
      "87": 478,
      "88": 455,
      "89": 544,
      "90": 676,
      "91": 436,
      "92": 474,
      "93": 1074,
      "94": 429,
      "95": 537,
      "96": 453,
      "97": 684,
      "98": 532,
      "99": 1998
    },
    "chi_squared": {
      "chi2_statistic": 7945.606660043282,
      "df": 89,
      "p_value": 0.0
    },
    "mad": {
      "mad": 0.0015186022130224705,
      "label": "close"
    },
    "delta_b": 0.026147124022049325
  },
  "timestamp": "2026-02-11T21:22:42.449753"
}